Round,Accuracy,Avg_Trust
1,76.68135701132898,0.7470225033131602
2,77.27092672919642,0.7436317986572641
3,77.83358388345135,0.7515478876360778
4,78.47507104897879,0.7593617548827633
5,79.58915451713474,0.7614526842841017
6,79.79907287385917,0.7628430028688398
7,80.09458745866245,0.7670748206184886
8,80.21751435955022,0.7716303150328475
9,81.68885104855661,0.7726876211146696
10,81.93297659904984,0.7815341481304039
